step,L_total,loss_vol,loss_rep,loss_bnd,loss_fem,loss_comp,comp,vol_frac,vol_frac_internal,vol_frac_eff_total,vol_frac_eff,VF_total,VF_eff_total,VF_int,VF_eff_int,vol_dev,vol_dev_eff,tau,seed_offset_scale,rho_min,rho_mean,rho_max,filter_delta_mean,filter_delta_max,projection_delta_mean,projection_delta_max,rho_raw_mean,rho_filtered_mean,rho_projected_mean,rho_final_mean,drho,dseed,min_seed_dist,grad_mean,best_score,best_step,best_hard_score,best_hard_step,fem_valid,fem_failure_reason,optimizer_step_skipped,w_geo_mean,h_mean,centerline_radius_mean,active_count_total,active_count_mean,active_frac_mean,inactive_count_total,inactive_count_mean,inactive_frac_mean,anchor_update_allowed,collapse_active
0,3.499999761581421,0.7842530012130737,0.0,0.4665953516960144,3.2919749628490536e-06,3.2919749628490536e-06,32919.75,0.18291279673576355,0.18291279673576355,0.06292116641998291,0.06292116641998291,0.18291279673576355,0.06292116641998291,0.18291279673576355,0.06292116641998291,0.31708720326423645,0.4370788335800171,0.02,1.0,0.00013873822172172368,0.18500593304634094,0.8138347268104553,0.0,0.0,0.0,0.0,0.18500593304634094,0.18500593304634094,0.18500593304634094,0.18500593304634094,0.0,0.0,0.2130647450685501,0.10577080174152798,3.499999761581421,0,nan,-1.0,True,,False,0.07176825404167175,0.0,0.6565170884132385,15.0,15.0,1.0,0.0,0.0,0.0,1.0,0.0
1,3.335165023803711,0.7828147411346436,0.0,0.3580537438392639,3.1397973998537054e-06,3.1397973998537054e-06,31397.97265625,0.18369950354099274,0.18369950354099274,0.0626039057970047,0.0626039057970047,0.18369950354099274,0.0626039057970047,0.18369950354099274,0.0626039057970047,0.31630051136016846,0.4373961091041565,0.02,1.0,0.00011201556480955333,0.18542395532131195,0.8159744143486023,0.0,0.0,0.0,0.0,0.18542395532131195,0.18542395532131195,0.18542395532131195,0.18542395532131195,0.13125480711460114,0.05526589974761009,0.15734131634235382,0.09307754392284551,3.335165023803711,1,nan,-1.0,True,,False,0.07218244671821594,0.0,0.6603059768676758,15.0,15.0,1.0,0.0,0.0,0.0,0.0,0.0
2,3.230055570602417,0.7730854153633118,0.0,0.3190334439277649,3.0064109068916878e-06,3.0064109068916878e-06,30064.109375,0.18622513115406036,0.18622513115406036,0.0645308718085289,0.0645308718085289,0.18622513115406036,0.0645308718085289,0.18622513115406036,0.0645308718085289,0.31377488374710083,0.4354691207408905,0.019999999999999997,1.0,0.000427813472924754,0.18800048530101776,0.8194260001182556,0.0,0.0,0.0,0.0,0.18800048530101776,0.18800048530101776,0.18800048530101776,0.18800048530101776,0.13094307482242584,0.0673603042960167,0.08822810649871826,0.10003972909885306,3.230055570602417,2,nan,-1.0,True,,False,0.07315867394208908,0.0,0.6692363023757935,15.0,15.0,1.0,0.0,0.0,0.0,0.0,0.0
3,3.7218451499938965,0.8562173247337341,0.0,0.32161611318588257,3.927699708583532e-06,3.927699708583532e-06,39276.99609375,0.16293813288211823,0.16293813288211823,0.05179554596543312,0.05179554596543312,0.16293813288211823,0.05179554596543312,0.16293813288211823,0.05179554596543312,0.33706188201904297,0.4482044577598572,0.02,1.0,4.110900408704765e-05,0.16452214121818542,0.8272389769554138,0.0,0.0,0.0,0.0,0.16452214121818542,0.16452214121818542,0.16452214121818542,0.16452214121818542,0.12614727020263672,0.066938117146492,0.0881994366645813,0.046666808371537624,3.230055570602417,2,nan,-1.0,True,,False,0.06915806233882904,0.0,0.6326397061347961,15.0,15.0,1.0,0.0,0.0,0.0,0.0,0.0
4,3.4727935791015625,0.807762622833252,0.0,0.32205045223236084,3.5133266464981716e-06,3.5133266464981716e-06,35133.265625,0.1762283444404602,0.1762283444404602,0.059290170669555664,0.059290170669555664,0.1762283444404602,0.059290170669555664,0.1762283444404602,0.059290170669555664,0.3237716555595398,0.44070982933044434,0.02,1.0,0.00011078957322752103,0.17789186537265778,0.7903659343719482,0.0,0.0,0.0,0.0,0.17789186537265778,0.17789186537265778,0.17789186537265778,0.17789186537265778,0.12535974383354187,0.06940284371376038,0.08814498782157898,0.10034296164415082,3.230055570602417,2,nan,-1.0,True,,False,0.0712803453207016,0.0,0.6520538330078125,15.0,15.0,1.0,0.0,0.0,0.0,0.0,0.0
5,3.397554397583008,0.7967344522476196,0.0,0.3218783736228943,3.356665729370434e-06,3.356665729370434e-06,33566.65625,0.17942146956920624,0.17942146956920624,0.060880377888679504,0.060880377888679504,0.17942146956920624,0.060880377888679504,0.17942146956920624,0.060880377888679504,0.32057851552963257,0.4391196370124817,0.020000000000000004,1.0,0.00011535421799635515,0.18104927241802216,0.7738059759140015,0.0,0.0,0.0,0.0,0.18104927241802216,0.18104927241802216,0.18104927241802216,0.18104927241802216,0.1262207329273224,0.06940927356481552,0.08810855448246002,0.10028793111327391,3.230055570602417,2,nan,-1.0,True,,False,0.07130897790193558,0.0,0.6523157358169556,15.0,15.0,1.0,0.0,0.0,0.0,0.0,0.0
6,3.3946633338928223,0.7962512373924255,0.0,0.32182279229164124,3.3493954560981365e-06,3.3493954560981365e-06,33493.953125,0.17955443263053894,0.17955443263053894,0.060961391776800156,0.060961391776800156,0.17955443263053894,0.060961391776800156,0.17955443263053894,0.060961391776800156,0.32044556736946106,0.43903860449790955,0.02,1.0,0.0001153887715190649,0.18118338286876678,0.7741468548774719,0.0,0.0,0.0,0.0,0.18118338286876678,0.18118338286876678,0.18118338286876678,0.18118338286876678,0.12625102698802948,0.06940940022468567,0.08808684349060059,0.1002918189118807,3.230055570602417,2,nan,-1.0,True,,False,0.0713314563035965,0.0,0.6525213718414307,15.0,15.0,1.0,0.0,0.0,0.0,0.0,0.0
7,3.420039176940918,0.8002524375915527,0.0,0.3207782804965973,3.402107950023492e-06,3.402107950023492e-06,34021.078125,0.1783825159072876,0.1783825159072876,0.0603971965610981,0.0603971965610981,0.1783825159072876,0.0603971965610981,0.1783825159072876,0.0603971965610981,0.3216174840927124,0.439602792263031,0.02,1.0,0.00011308104149065912,0.18002352118492126,0.7745606899261475,0.0,0.0,0.0,0.0,0.18002352118492126,0.18002352118492126,0.18002352118492126,0.18002352118492126,0.12639057636260986,0.06938804686069489,0.08807632327079773,0.1002337119346521,3.230055570602417,2,nan,-1.0,True,,False,0.07135353982448578,0.0,0.6527233719825745,15.0,15.0,1.0,0.0,0.0,0.0,0.0,0.0
8,3.3331046104431152,0.7808822989463806,0.0,0.3193349242210388,3.2792015645100037e-06,3.2792015645100037e-06,32792.015625,0.1839766502380371,0.1839766502380371,0.06330829858779907,0.06330829858779907,0.1839766502380371,0.06330829858779907,0.1839766502380371,0.06330829858779907,0.3160233497619629,0.4366917014122009,0.02,1.0,0.00021031218057032675,0.18558865785598755,0.7814737558364868,0.0,0.0,0.0,0.0,0.18558865785598755,0.18558865785598755,0.18558865785598755,0.18558865785598755,0.12364349514245987,0.06916438788175583,0.08807479590177536,0.10027016182430089,3.230055570602417,2,nan,-1.0,True,,False,0.07199697196483612,0.0,0.6586093306541443,15.0,15.0,1.0,0.0,0.0,0.0,0.0,0.0
9,3.360344409942627,0.7849631309509277,0.0,0.31934282183647156,3.3315727705485187e-06,3.3315727705485187e-06,33315.7265625,0.18277041614055634,0.18277041614055634,0.06272159516811371,0.06272159516811371,0.18277041614055634,0.06272159516811371,0.18277041614055634,0.06272159516811371,0.31722956895828247,0.4372783899307251,0.02,1.0,0.00020617010886780918,0.18439392745494843,0.7817397117614746,0.0,0.0,0.0,0.0,0.18439392745494843,0.18439392745494843,0.18439392745494843,0.18439392745494843,0.12361712753772736,0.06916382163763046,0.0880812406539917,0.100269709341228,3.230055570602417,2,nan,-1.0,True,,False,0.0720188096165657,0.0,0.6588091254234314,15.0,15.0,1.0,0.0,0.0,0.0,0.0,0.0
10,3.3577613830566406,0.7844325304031372,0.0,0.31925657391548157,3.324546923977323e-06,3.324546923977323e-06,33245.46875,0.18291747570037842,0.18291747570037842,0.06281173974275589,0.06281173974275589,0.18291747570037842,0.06281173974275589,0.18291747570037842,0.06281173974275589,0.3170825242996216,0.4371882677078247,0.02,1.0,0.00020648683130275458,0.1845420002937317,0.7826024293899536,0.0,0.0,0.0,0.0,0.1845420002937317,0.1845420002937317,0.1845420002937317,0.1845420002937317,0.12366003543138504,0.06916280090808868,0.08809465169906616,0.1002698733471334,3.230055570602417,2,nan,-1.0,True,,False,0.0720427930355072,0.0,0.6590284705162048,15.0,15.0,1.0,0.0,0.0,0.0,0.0,0.0
11,3.3258512020111084,0.7793061137199402,0.0,0.3192971646785736,3.2578457194176735e-06,3.2578457194176735e-06,32578.45703125,0.18441438674926758,0.18441438674926758,0.06357761472463608,0.06357761472463608,0.18441438674926758,0.06357761472463608,0.18441438674926758,0.06357761472463608,0.3155856132507324,0.4364223778247833,0.02,1.0,0.00021128254593349993,0.18602971732616425,0.7817088961601257,0.0,0.0,0.0,0.0,0.18602971732616425,0.18602971732616425,0.18602971732616425,0.18602971732616425,0.12379147857427597,0.06916148215532303,0.08811411261558533,0.1002708190586418,3.230055570602417,2,nan,-1.0,True,,False,0.07206814736127853,0.0,0.6592604517936707,15.0,15.0,1.0,0.0,0.0,0.0,0.0,0.0
12,3.3974504470825195,0.7893381714820862,0.0,0.3192738890647888,3.4078641419910127e-06,3.4078641419910127e-06,34078.640625,0.18146462738513947,0.18146462738513947,0.06211929768323898,0.06211929768323898,0.18146462738513947,0.06211929768323898,0.18146462738513947,0.06211929768323898,0.31853538751602173,0.4378806948661804,0.02,1.0,0.00020298657182138413,0.18311791121959686,0.7970626950263977,0.0,0.0,0.0,0.0,0.18311791121959686,0.18311791121959686,0.18311791121959686,0.18311791121959686,0.12250282615423203,0.0691598430275917,0.08813878148794174,0.10027099414728582,3.230055570602417,2,nan,-1.0,True,,False,0.07209447771310806,0.0,0.659501314163208,15.0,15.0,1.0,0.0,0.0,0.0,0.0,0.0
13,3.365474224090576,0.784571647644043,0.0,0.31918641924858093,3.3396547678421484e-06,3.3396547678421484e-06,33396.546875,0.18285712599754333,0.18285712599754333,0.06281968206167221,0.06281968206167221,0.18285712599754333,0.06281968206167221,0.18285712599754333,0.06281968206167221,0.31714287400245667,0.4371803104877472,0.02,1.0,0.0002075390802929178,0.1845003366470337,0.8003908395767212,0.0,0.0,0.0,0.0,0.1845003366470337,0.1845003366470337,0.1845003366470337,0.1845003366470337,0.12254976481199265,0.06915804743766785,0.08816780149936676,0.10027169557288289,3.230055570602417,2,nan,-1.0,True,,False,0.07212155312299728,0.0,0.6597489714622498,15.0,15.0,1.0,0.0,0.0,0.0,0.0,0.0
14,3.3628182411193848,0.7839579582214355,0.0,0.31916242837905884,3.33295088239538e-06,3.33295088239538e-06,33329.5078125,0.18302714824676514,0.18302714824676514,0.06292404234409332,0.06292404234409332,0.18302714824676514,0.06292404234409332,0.18302714824676514,0.06292404234409332,0.31697285175323486,0.43707597255706787,0.02,1.0,0.00020791837596334517,0.1846715360879898,0.8004149794578552,0.0,0.0,0.0,0.0,0.1846715360879898,0.1846715360879898,0.1846715360879898,0.1846715360879898,0.12260328978300095,0.06915603578090668,0.08820084482431412,0.10027191806584597,3.230055570602417,2,nan,-1.0,True,,False,0.07214920967817307,0.0,0.6600019335746765,15.0,15.0,1.0,0.0,0.0,0.0,0.0,0.0
15,3.3897881507873535,0.7875134944915771,0.0,0.3191685378551483,3.389766561667784e-06,3.389766561667784e-06,33897.6640625,0.1819693148136139,0.1819693148136139,0.06242748722434044,0.06242748722434044,0.1819693148136139,0.06242748722434044,0.1819693148136139,0.06242748722434044,0.3180306851863861,0.43757250905036926,0.019999999999999997,1.0,0.00020411555306054652,0.18362611532211304,0.7971452474594116,0.0,0.0,0.0,0.0,0.18362611532211304,0.18362611532211304,0.18362611532211304,0.18362611532211304,0.12265190482139587,0.06915386766195297,0.08823739737272263,0.10027281227521598,3.230055570602417,2,nan,-1.0,True,,False,0.07217731326818466,0.0,0.6602590680122375,15.0,15.0,1.0,0.0,0.0,0.0,0.0,0.0
16,3.381708860397339,0.7881253957748413,0.0,0.3190196752548218,3.3559160783624975e-06,3.3559160783624975e-06,33559.16015625,0.18182533979415894,0.18182533979415894,0.062287211418151855,0.062287211418151855,0.18182533979415894,0.062287211418151855,0.18182533979415894,0.062287211418151855,0.31817466020584106,0.43771278858184814,0.02,1.0,0.00020448234863579273,0.1834644228219986,0.7846626043319702,0.0,0.0,0.0,0.0,0.1834644228219986,0.1834644228219986,0.1834644228219986,0.1834644228219986,0.1234515979886055,0.0691516250371933,0.0882771909236908,0.10026870444416999,3.230055570602417,2,nan,-1.0,True,,False,0.0722058042883873,0.0,0.6605196595191956,15.0,15.0,1.0,0.0,0.0,0.0,0.0,0.0
17,3.35217547416687,0.7820685505867004,0.0,0.31896141171455383,3.305948439447093e-06,3.305948439447093e-06,33059.484375,0.18355104327201843,0.18355104327201843,0.06324562430381775,0.06324562430381775,0.18355104327201843,0.06324562430381775,0.18355104327201843,0.06324562430381775,0.31644895672798157,0.43675437569618225,0.019999999999999997,1.0,0.0002091086789732799,0.18519921600818634,0.8004098534584045,0.0,0.0,0.0,0.0,0.18519921600818634,0.18519921600818634,0.18519921600818634,0.18519921600818634,0.12277466803789139,0.06914938986301422,0.08831993490457535,0.10027340538799763,3.230055570602417,2,nan,-1.0,True,,False,0.07223454862833023,0.0,0.6607826352119446,15.0,15.0,1.0,0.0,0.0,0.0,0.0,0.0
18,3.3899154663085938,0.7887157201766968,0.0,0.3188748061656952,3.372644869159558e-06,3.372644869159558e-06,33726.44921875,0.18163998425006866,0.18163998425006866,0.06221965700387955,0.06221965700387955,0.18163998425006866,0.06221965700387955,0.18163998425006866,0.06221965700387955,0.31836003065109253,0.43778035044670105,0.02,1.0,0.00020529012545011938,0.18329694867134094,0.7972697019577026,0.0,0.0,0.0,0.0,0.18329694867134094,0.18329694867134094,0.18329694867134094,0.18329694867134094,0.12231841683387756,0.0691470205783844,0.08836543560028076,0.10026986873708665,3.230055570602417,2,nan,-1.0,True,,False,0.07226358354091644,0.0,0.6610482335090637,15.0,15.0,1.0,0.0,0.0,0.0,0.0,0.0
19,3.348557233810425,0.7807760834693909,0.0,0.3187597393989563,3.299508534837514e-06,3.299508534837514e-06,32995.0859375,0.18390962481498718,0.18390962481498718,0.0634661614894867,0.0634661614894867,0.18390962481498718,0.0634661614894867,0.18390962481498718,0.0634661614894867,0.3160903751850128,0.4365338385105133,0.02,1.0,0.00020994851365685463,0.1855604201555252,0.8003406524658203,0.0,0.0,0.0,0.0,0.185560405254364,0.185560405254364,0.185560405254364,0.185560405254364,0.12289609760046005,0.06914463639259338,0.08841314166784286,0.10027333172038197,3.230055570602417,2,nan,-1.0,True,,False,0.07229280471801758,0.0,0.6613155603408813,15.0,15.0,1.0,0.0,0.0,0.0,0.0,0.0
20,3.3474888801574707,0.7801241874694824,0.0,0.318731427192688,3.2977618502627593e-06,3.2977618502627593e-06,32977.6171875,0.1840905100107193,0.1840905100107193,0.06357764452695847,0.06357764452695847,0.1840905100107193,0.06357764452695847,0.1840905100107193,0.06357764452695847,0.3159095048904419,0.43642234802246094,0.02,1.0,0.00021036351972725242,0.1857426017522812,0.8002728223800659,0.0,0.0,0.0,0.0,0.1857426017522812,0.1857426017522812,0.1857426017522812,0.1857426017522812,0.12295838445425034,0.06914214044809341,0.08846299350261688,0.10027442982086521,3.230055570602417,2,nan,-1.0,True,,False,0.07232220470905304,0.0,0.6615844964981079,15.0,15.0,1.0,0.0,0.0,0.0,0.0,0.0
21,3.382044792175293,0.7867745757102966,0.0,0.31861841678619385,3.3537050967424875e-06,3.3537050967424875e-06,33537.05078125,0.1821771115064621,0.1821771115064621,0.06254767626523972,0.06254767626523972,0.1821771115064621,0.06254767626523972,0.1821771115064621,0.06254767626523972,0.3178228735923767,0.4374523162841797,0.02,1.0,0.000206530952709727,0.18383800983428955,0.7969138622283936,0.0,0.0,0.0,0.0,0.18383800983428955,0.18383800983428955,0.18383800983428955,0.18383800983428955,0.12248782068490982,0.06913956999778748,0.0885147899389267,0.10027098397101646,3.230055570602417,2,nan,-1.0,True,,False,0.07235171645879745,0.0,0.6618544459342957,15.0,15.0,1.0,0.0,0.0,0.0,0.0,0.0
22,3.380587339401245,0.7861167192459106,0.0,0.3185332119464874,3.352016165081295e-06,3.352016165081295e-06,33520.16015625,0.18235914409160614,0.18235914409160614,0.06265924125909805,0.06265924125909805,0.18235914409160614,0.06265924125909805,0.18235914409160614,0.06265924125909805,0.31764084100723267,0.43734076619148254,0.020000000000000004,1.0,0.0002069518086500466,0.18402142822742462,0.796798586845398,0.0,0.0,0.0,0.0,0.18402142822742462,0.18402142822742462,0.18402142822742462,0.18402142822742462,0.12254688888788223,0.06913700699806213,0.08856827765703201,0.10027152645812218,3.230055570602417,2,nan,-1.0,True,,False,0.0723813846707344,0.0,0.662125825881958,15.0,15.0,1.0,0.0,0.0,0.0,0.0,0.0
23,3.3238048553466797,0.7762709856033325,0.0,0.31839337944984436,3.2431735235149972e-06,3.2431735235149972e-06,32431.734375,0.18518255650997162,0.18518255650997162,0.06420709192752838,0.06420709192752838,0.18518255650997162,0.06420709192752838,0.18518255650997162,0.06420709192752838,0.3148174285888672,0.4357929229736328,0.02,1.0,0.0002116519317496568,0.1868225783109665,0.7947782874107361,0.0,0.0,0.0,0.0,0.1868225783109665,0.1868225783109665,0.1868225783109665,0.1868225783109665,0.12438652664422989,0.0691344141960144,0.08862331509590149,0.10027352231253284,3.230055570602417,2,nan,-1.0,True,,False,0.07241111248731613,0.0,0.6623978018760681,15.0,15.0,1.0,0.0,0.0,0.0,0.0,0.0
24,3.3748271465301514,0.7847957611083984,0.0,0.31830957531929016,3.337333737363224e-06,3.337333737363224e-06,33373.3359375,0.1827249825000763,0.1827249825000763,0.06288331747055054,0.06288331747055054,0.1827249825000763,0.06288331747055054,0.1827249825000763,0.06288331747055054,0.3172750174999237,0.43711668252944946,0.02,1.0,0.00020782602950930595,0.18438993394374847,0.796454668045044,0.0,0.0,0.0,0.0,0.18438993394374847,0.18438993394374847,0.18438993394374847,0.18438993394374847,0.12266622483730316,0.0691317468881607,0.08868032693862915,0.10027376958701584,3.230055570602417,2,nan,-1.0,True,,False,0.07244095206260681,0.0,0.6626707315444946,15.0,15.0,1.0,0.0,0.0,0.0,0.0,0.0
25,3.397930383682251,0.7879674434661865,0.0,0.31819939613342285,3.3851961234176997e-06,3.3851961234176997e-06,33851.9609375,0.1817745566368103,0.1817745566368103,0.06245128810405731,0.06245128810405731,0.1817745566368103,0.06245128810405731,0.1817745566368103,0.06245128810405731,0.3182254433631897,0.4375486969947815,0.02,1.0,0.0002042198902927339,0.18345226347446442,0.7933921217918396,0.0,0.0,0.0,0.0,0.18345226347446442,0.18345226347446442,0.18345226347446442,0.18345226347446442,0.12274550646543503,0.06912925094366074,0.08873875439167023,0.10027598145917645,3.230055570602417,2,nan,-1.0,True,,False,0.07247085124254227,0.0,0.6629442572593689,15.0,15.0,1.0,0.0,0.0,0.0,0.0,0.0
26,3.367748975753784,0.7834692597389221,0.0,0.3180358409881592,3.320726136735175e-06,3.320726136735175e-06,33207.26171875,0.1830926537513733,0.1830926537513733,0.06310859322547913,0.06310859322547913,0.1830926537513733,0.06310859322547913,0.1830926537513733,0.06310859322547913,0.3169073462486267,0.4368914067745209,0.02,1.0,0.00020870371372438967,0.18476033210754395,0.7964046001434326,0.0,0.0,0.0,0.0,0.18476033210754395,0.18476033210754395,0.18476033210754395,0.18476033210754395,0.12278903275728226,0.06912680715322495,0.08879861980676651,0.10027732551076496,3.230055570602417,2,nan,-1.0,True,,False,0.0725008100271225,0.0,0.6632183194160461,15.0,15.0,1.0,0.0,0.0,0.0,0.0,0.0
27,3.3922171592712402,0.7866396903991699,0.0,0.3179781138896942,3.3726969377312344e-06,3.3726969377312344e-06,33726.96875,0.18214194476604462,0.18214194476604462,0.06267588585615158,0.06267588585615158,0.18214194476604462,0.06267588585615158,0.18214194476604462,0.06267588585615158,0.3178580403327942,0.4373241066932678,0.02,1.0,0.00020507629960775375,0.18382228910923004,0.7936403155326843,0.0,0.0,0.0,0.0,0.18382228910923004,0.18382228910923004,0.18382228910923004,0.18382228910923004,0.12286249548196793,0.06912435591220856,0.0888596698641777,0.10028550046108983,3.230055570602417,2,nan,-1.0,True,,False,0.07253080606460571,0.0,0.6634926795959473,15.0,15.0,1.0,0.0,0.0,0.0,0.0,0.0
28,3.36134672164917,0.7821415662765503,0.0,0.317866712808609,3.3054923278541537e-06,3.3054923278541537e-06,33054.921875,0.18346063792705536,0.18346063792705536,0.06333480775356293,0.06333480775356293,0.18346063792705536,0.06333480775356293,0.18346063792705536,0.06333480775356293,0.31653934717178345,0.4366651773452759,0.02,1.0,0.00020959631365258247,0.18513084948062897,0.7966610193252563,0.0,0.0,0.0,0.0,0.18513084948062897,0.18513084948062897,0.18513084948062897,0.18513084948062897,0.12290891259908676,0.06912197917699814,0.08892202377319336,0.1002825747038129,3.230055570602417,2,nan,-1.0,True,,False,0.0725608617067337,0.0,0.6637676358222961,15.0,15.0,1.0,0.0,0.0,0.0,0.0,0.0
29,3.358370304107666,0.7814458608627319,0.0,0.31773051619529724,3.298448518762598e-06,3.298448518762598e-06,32984.484375,0.1836540251970291,0.1836540251970291,0.06345292180776596,0.06345292180776596,0.1836540251970291,0.06345292180776596,0.1836540251970291,0.06345292180776596,0.3163459897041321,0.43654707074165344,0.02,1.0,0.0002100462734233588,0.18532654643058777,0.8006042242050171,0.0,0.0,0.0,0.0,0.18532654643058777,0.18532654643058777,0.18532654643058777,0.18532654643058777,0.12299425899982452,0.0691196396946907,0.08898555487394333,0.10032580122869586,3.230055570602417,2,nan,-1.0,True,,False,0.07259094715118408,0.0,0.6640428900718689,15.0,15.0,1.0,0.0,0.0,0.0,0.0,0.0
30,3.380385637283325,0.7844465970993042,0.0,0.31767356395721436,3.3432995678595034e-06,3.3432995678595034e-06,33432.99609375,0.18275023996829987,0.18275023996829987,0.0630464032292366,0.0630464032292366,0.18275023996829987,0.0630464032292366,0.18275023996829987,0.0630464032292366,0.31724977493286133,0.436953604221344,0.02,1.0,0.00020641990704461932,0.18443959951400757,0.8017255067825317,0.0,0.0,0.0,0.0,0.18443959951400757,0.18443959951400757,0.18443959951400757,0.18443959951400757,0.12312131375074387,0.0691174790263176,0.08905011415481567,0.09310868065804243,3.230055570602417,2,nan,-1.0,True,,False,0.07262112945318222,0.0,0.6643189787864685,15.0,15.0,1.0,0.0,0.0,0.0,0.0,0.0
31,3.299865245819092,0.770931601524353,0.0,0.3175986111164093,3.185733930877177e-06,3.185733930877177e-06,31857.337890625,0.18666835129261017,0.18666835129261017,0.06512952595949173,0.06512952595949173,0.18666835129261017,0.06512952595949173,0.18666835129261017,0.06512952595949173,0.313331663608551,0.43487048149108887,0.02,1.0,0.00021528496290557086,0.18831820785999298,0.8006459474563599,0.0,0.0,0.0,0.0,0.18831820785999298,0.18831820785999298,0.18831820785999298,0.18831820785999298,0.1249636635184288,0.06911685317754745,0.08911534398794174,0.10028051845729351,3.230055570602417,2,nan,-1.0,True,,False,0.07265064120292664,0.0,0.6645889282226562,15.0,15.0,1.0,0.0,0.0,0.0,0.0,0.0
32,3.267697334289551,0.7656398415565491,0.0,0.31747207045555115,3.1179733923636377e-06,3.1179733923636377e-06,31179.732421875,0.18822035193443298,0.18822035193443298,0.0659414604306221,0.0659414604306221,0.18822035193443298,0.0659414604306221,0.18822035193443298,0.0659414604306221,0.311779648065567,0.4340585470199585,0.02,1.0,0.00022039402392692864,0.18986263871192932,0.7816647291183472,0.0,0.0,0.0,0.0,0.18986263871192932,0.18986263871192932,0.18986263871192932,0.18986263871192932,0.1253529191017151,0.06911599636077881,0.08918195962905884,0.10028011887334287,3.230055570602417,2,nan,-1.0,True,,False,0.07268010824918747,0.0,0.6648584604263306,15.0,15.0,1.0,0.0,0.0,0.0,0.0,0.0
33,3.2659637928009033,0.7649824023246765,0.0,0.31753286719322205,3.110970737907337e-06,3.110970737907337e-06,31109.70703125,0.18840396404266357,0.18840396404266357,0.06605641543865204,0.06605641543865204,0.18840396404266357,0.06605641543865204,0.18840396404266357,0.06605641543865204,0.3115960359573364,0.43394356966018677,0.02,1.0,0.0002208662626799196,0.19004760682582855,0.7816623449325562,0.0,0.0,0.0,0.0,0.19004760682582855,0.19004760682582855,0.19004760682582855,0.19004760682582855,0.125435933470726,0.06911489367485046,0.0892498791217804,0.10028392621316015,3.230055570602417,2,nan,-1.0,True,,False,0.07270954549312592,0.0,0.6651277542114258,15.0,15.0,1.0,0.0,0.0,0.0,0.0,0.0
34,3.2946977615356445,0.7689580321311951,0.0,0.3174953758716583,3.1667962048231857e-06,3.1667962048231857e-06,31667.9609375,0.18721835315227509,0.18721835315227509,0.0654723197221756,0.0654723197221756,0.18721835315227509,0.0654723197221756,0.18721835315227509,0.0654723197221756,0.3127816319465637,0.4345276951789856,0.02,1.0,0.0002167039056075737,0.1888718456029892,0.8020794987678528,0.0,0.0,0.0,0.0,0.1888718456029892,0.1888718456029892,0.1888718456029892,0.1888718456029892,0.1251935213804245,0.06911394000053406,0.0893121212720871,0.10028815162368118,3.230055570602417,2,nan,-1.0,True,,False,0.07273892313241959,0.0,0.665396511554718,15.0,15.0,1.0,0.0,0.0,0.0,0.0,0.0
35,3.2619051933288574,0.7636629939079285,0.0,0.317525178194046,3.0963185508880997e-06,3.0963185508880997e-06,30963.185546875,0.18877261877059937,0.18877261877059937,0.06628748774528503,0.06628748774528503,0.18877261877059937,0.06628748774528503,0.18877261877059937,0.06628748774528503,0.31122738122940063,0.43371251225471497,0.02,1.0,0.00022184111003298312,0.19041870534420013,0.7816088795661926,0.0,0.0,0.0,0.0,0.19041870534420013,0.19041870534420013,0.19041870534420013,0.19041870534420013,0.12560057640075684,0.06911316514015198,0.08936931192874908,0.10028412658721209,3.230055570602417,2,nan,-1.0,True,,False,0.07276830822229385,0.0,0.665665328502655,15.0,15.0,1.0,0.0,0.0,0.0,0.0,0.0
36,3.290191888809204,0.767648458480835,0.0,0.3174836039543152,3.1503659556619823e-06,3.1503659556619823e-06,31503.658203125,0.18758343160152435,0.18758343160152435,0.06570052355527878,0.06570052355527878,0.18758343160152435,0.06570052355527878,0.18758343160152435,0.06570052355527878,0.31241655349731445,0.4342994689941406,0.02,1.0,0.00021763528638985008,0.18923936784267426,0.8024821877479553,0.0,0.0,0.0,0.0,0.18923936784267426,0.18923936784267426,0.18923936784267426,0.18923936784267426,0.12534788250923157,0.06911250203847885,0.0894220620393753,0.10028842957690358,3.230055570602417,2,nan,-1.0,True,,False,0.07279762625694275,0.0,0.6659334897994995,15.0,15.0,1.0,0.0,0.0,0.0,0.0,0.0
37,3.289181709289551,0.7669937014579773,0.0,0.3174622654914856,3.146718881907873e-06,3.146718881907873e-06,31467.1875,0.18776610493659973,0.18776610493659973,0.06581472605466843,0.06581472605466843,0.18776610493659973,0.06581472605466843,0.18776610493659973,0.06581472605466843,0.31223389506340027,0.434185266494751,0.02,1.0,0.00021810374164488167,0.1894233524799347,0.8025131225585938,0.0,0.0,0.0,0.0,0.1894233524799347,0.1894233524799347,0.1894233524799347,0.1894233524799347,0.12542636692523956,0.06911198049783707,0.08947096019983292,0.10028854017145931,3.230055570602417,2,nan,-1.0,True,,False,0.07282693684101105,0.0,0.666201651096344,15.0,15.0,1.0,0.0,0.0,0.0,0.0,0.0
38,3.2566869258880615,0.7616943120956421,0.0,0.31741324067115784,3.0775097457080847e-06,3.0775097457080847e-06,30775.09765625,0.18932290375232697,0.18932290375232697,0.06663338094949722,0.06663338094949722,0.18932290375232697,0.06663338094949722,0.18932290375232697,0.06663338094949722,0.31067711114883423,0.4333666265010834,0.02,1.0,0.00022327751503326,0.19097280502319336,0.7815535664558411,0.0,0.0,0.0,0.0,0.19097280502319336,0.19097280502319336,0.19097280502319336,0.19097280502319336,0.1258479207754135,0.06911157071590424,0.08951647579669952,0.10028428798541426,3.230055570602417,2,nan,-1.0,True,,False,0.07285619527101517,0.0,0.6664692759513855,15.0,15.0,1.0,0.0,0.0,0.0,0.0,0.0
39,3.2553234100341797,0.761040985584259,0.0,0.317386269569397,3.071666469622869e-06,3.071666469622869e-06,30716.6640625,0.1895056664943695,0.1895056664943695,0.06674828380346298,0.06674828380346298,0.1895056664943695,0.06674828380346298,0.1895056664943695,0.06674828380346298,0.3104943335056305,0.4332517087459564,0.02,1.0,0.00022376468405127525,0.19115681946277618,0.7815043926239014,0.0,0.0,0.0,0.0,0.19115681946277618,0.19115681946277618,0.19115681946277618,0.19115681946277618,0.12592965364456177,0.06911119818687439,0.08955901116132736,0.1002828142605722,3.230055570602417,2,nan,-1.0,True,,False,0.07288546115159988,0.0,0.6667370200157166,15.0,15.0,1.0,0.0,0.0,0.0,0.0,0.0
40,3.2538840770721436,0.7603862285614014,0.0,0.31729114055633545,3.0658047762699425e-06,3.0658047762699425e-06,30658.046875,0.1896888166666031,0.1896888166666031,0.06686370819807053,0.06686370819807053,0.1896888166666031,0.06686370819807053,0.1896888166666031,0.06686370819807053,0.3103111982345581,0.4331362843513489,0.02,1.0,0.0002242724149255082,0.19134119153022766,0.781501829624176,0.0,0.0,0.0,0.0,0.19134119153022766,0.19134119153022766,0.19134119153022766,0.19134119153022766,0.12601269781589508,0.06911084055900574,0.08959908038377762,0.10028342306613922,3.230055570602417,2,nan,-1.0,True,,False,0.07291467487812042,0.0,0.6670042276382446,15.0,15.0,1.0,0.0,0.0,0.0,0.0,0.0
41,3.250986099243164,0.7597333192825317,0.0,0.3172820210456848,3.054704848182155e-06,3.054704848182155e-06,30547.048828125,0.18987151980400085,0.18987151980400085,0.06697884947061539,0.06697884947061539,0.18987151980400085,0.06697884947061539,0.18987151980400085,0.06697884947061539,0.31012848019599915,0.4330211579799652,0.02,1.0,0.00022476690355688334,0.19152513146400452,0.7814376354217529,0.0,0.0,0.0,0.0,0.19152513146400452,0.19152513146400452,0.19152513146400452,0.19152513146400452,0.1260950267314911,0.06911049783229828,0.08963680267333984,0.1002668013330549,3.230055570602417,2,nan,-1.0,True,,False,0.07294386625289917,0.0,0.6672712564468384,15.0,15.0,1.0,0.0,0.0,0.0,0.0,0.0
42,3.2502071857452393,0.7590809464454651,0.0,0.3173102140426636,3.0503879315801896e-06,3.0503879315801896e-06,30503.87890625,0.19005414843559265,0.19005414843559265,0.06709399074316025,0.06709399074316025,0.19005414843559265,0.06709399074316025,0.19005414843559265,0.06709399074316025,0.30994585156440735,0.43290600180625916,0.02,1.0,0.00022523669758811593,0.1917090117931366,0.7814465761184692,0.0,0.0,0.0,0.0,0.1917090117931366,0.1917090117931366,0.1917090117931366,0.1917090117931366,0.12617702782154083,0.06911037862300873,0.08967269957065582,0.10026655523106456,3.230055570602417,2,nan,-1.0,True,,False,0.07297303527593613,0.0,0.6675381064414978,15.0,15.0,1.0,0.0,0.0,0.0,0.0,0.0
43,3.248368978500366,0.7584331035614014,0.0,0.3173399269580841,3.0424894248426426e-06,3.0424894248426426e-06,30424.89453125,0.19023562967777252,0.19023562967777252,0.06720835715532303,0.06720835715532303,0.19023562967777252,0.06720835715532303,0.19023562967777252,0.06720835715532303,0.30976438522338867,0.43279165029525757,0.02,1.0,0.0002257518790429458,0.19189175963401794,0.7814507484436035,0.0,0.0,0.0,0.0,0.19189175963401794,0.19189175963401794,0.19189175963401794,0.19189175963401794,0.12625892460346222,0.0691104605793953,0.08970682322978973,0.10026705670170485,3.230055570602417,2,nan,-1.0,True,,False,0.0730021744966507,0.0,0.6678046584129333,15.0,15.0,1.0,0.0,0.0,0.0,0.0,0.0
44,3.247994899749756,0.7577797174453735,0.0,0.31730201840400696,3.03969227388734e-06,3.03969227388734e-06,30396.921875,0.19041863083839417,0.19041863083839417,0.06732393801212311,0.06732393801212311,0.19041863083839417,0.06732393801212311,0.19041863083839417,0.06732393801212311,0.30958136916160583,0.4326760768890381,0.02,1.0,0.00022624574194196612,0.19207599759101868,0.7814843058586121,0.0,0.0,0.0,0.0,0.19207599759101868,0.19207599759101868,0.19207599759101868,0.19207599759101868,0.12634149193763733,0.06911072134971619,0.08973941206932068,0.10024469909258187,3.230055570602417,2,nan,-1.0,True,,False,0.07303132861852646,0.0,0.6680713295936584,15.0,15.0,1.0,0.0,0.0,0.0,0.0,0.0
45,3.2462825775146484,0.7571256756782532,0.0,0.31744515895843506,3.031739424841362e-06,3.031739424841362e-06,30317.39453125,0.19060178101062775,0.19060178101062775,0.06743982434272766,0.06743982434272766,0.19060178101062775,0.06743982434272766,0.19060178101062775,0.06743982434272766,0.30939823389053345,0.43256017565727234,0.02,1.0,0.0002267586678499356,0.19226035475730896,0.7815461158752441,0.0,0.0,0.0,0.0,0.19226035475730896,0.19226035475730896,0.19226035475730896,0.19226035475730896,0.12642627954483032,0.06911098212003708,0.08977341651916504,0.10026463130488991,3.230055570602417,2,nan,-1.0,True,,False,0.07306046783924103,0.0,0.6683379411697388,15.0,15.0,1.0,0.0,0.0,0.0,0.0,0.0
46,3.2461905479431152,0.756476640701294,0.0,0.31745201349258423,3.0295821034087567e-06,3.0295821034087567e-06,30295.8203125,0.19078375399112701,0.19078375399112701,0.06755472719669342,0.06755472719669342,0.19078375399112701,0.06755472719669342,0.19078375399112701,0.06755472719669342,0.3092162609100342,0.4324452877044678,0.02,1.0,0.00022728358453605324,0.19244353473186493,0.7816043496131897,0.0,0.0,0.0,0.0,0.19244353473186493,0.19244353473186493,0.19244353473186493,0.19244353473186493,0.12650944292545319,0.06911106407642365,0.08981215208768845,0.10026433253660798,3.230055570602417,2,nan,-1.0,True,,False,0.07308956235647202,0.0,0.6686040759086609,15.0,15.0,1.0,0.0,0.0,0.0,0.0,0.0
47,3.2432608604431152,0.7558271884918213,0.0,0.31748077273368835,3.017963990714634e-06,3.017963990714634e-06,30179.640625,0.19096589088439941,0.19096589088439941,0.06766975671052933,0.06766975671052933,0.19096589088439941,0.06766975671052933,0.19096589088439941,0.06766975671052933,0.3090341091156006,0.43233025074005127,0.02,1.0,0.00022780381550546736,0.19262689352035522,0.7816678285598755,0.0,0.0,0.0,0.0,0.19262690842151642,0.19262690842151642,0.19262690842151642,0.19262690842151642,0.12659332156181335,0.06911095231771469,0.08985504508018494,0.10026447144336999,3.230055570602417,2,nan,-1.0,True,,False,0.0731186717748642,0.0,0.6688703298568726,15.0,15.0,1.0,0.0,0.0,0.0,0.0,0.0
48,3.2419233322143555,0.755174994468689,0.0,0.3174862265586853,3.0116289053694345e-06,3.0116289053694345e-06,30116.2890625,0.19114871323108673,0.19114871323108673,0.06778564304113388,0.06778564304113388,0.19114871323108673,0.06778564304113388,0.19114871323108673,0.06778564304113388,0.30885130167007446,0.4322143495082855,0.02,1.0,0.0002283333451487124,0.1928110420703888,0.7817568182945251,0.0,0.0,0.0,0.0,0.1928110420703888,0.1928110420703888,0.1928110420703888,0.1928110420703888,0.12667743861675262,0.0691106840968132,0.08990167826414108,0.10026430953294038,3.230055570602417,2,nan,-1.0,True,,False,0.07314777374267578,0.0,0.6691365838050842,15.0,15.0,1.0,0.0,0.0,0.0,0.0,0.0
49,3.239994525909424,0.754524827003479,0.0,0.3175358176231384,3.0031101232452784e-06,3.0031101232452784e-06,30031.1015625,0.19133113324642181,0.19133113324642181,0.06790105253458023,0.06790105253458023,0.19133113324642181,0.06790105253458023,0.19133113324642181,0.06790105253458023,0.308668851852417,0.43209895491600037,0.02,1.0,0.0002288439718540758,0.19299475848674774,0.781868577003479,0.0,0.0,0.0,0.0,0.19299475848674774,0.19299475848674774,0.19299475848674774,0.19299475848674774,0.12676095962524414,0.06911026686429977,0.08995167911052704,0.10026488704606891,3.230055570602417,2,nan,-1.0,True,,False,0.07317684590816498,0.0,0.6694024801254272,15.0,15.0,1.0,0.0,0.0,0.0,0.0,0.0
50,2.94883394241333,0.7479944229125977,0.0,0.12687751650810242,2.8579897843883373e-06,2.8579897843883373e-06,28579.8984375,0.1922832429409027,0.1922832429409027,0.0703280121088028,0.0703280121088028,0.1922832429409027,0.0703280121088028,0.1922832429409027,0.0703280121088028,0.3077167570590973,0.4296720027923584,0.02,1.0,9.313278860645369e-05,0.19426435232162476,0.7882717251777649,0.0,0.0,0.0,0.0,0.19426435232162476,0.19426435232162476,0.19426435232162476,0.19426435232162476,0.1388198286294937,0.0810491144657135,0.1482098549604416,0.10032995506189764,2.94883394241333,50,nan,-1.0,True,,False,0.07412201166152954,0.0,0.6780486106872559,15.0,15.0,1.0,0.0,0.0,0.0,0.0,0.0
51,2.9495291709899902,0.7474755644798279,0.0,0.12687897682189941,2.854844524335931e-06,2.854844524335931e-06,28548.4453125,0.19242849946022034,0.19242849946022034,0.07042191922664642,0.07042191922664642,0.19242849946022034,0.07042191922664642,0.19242849946022034,0.07042191922664642,0.30757150053977966,0.4295780658721924,0.02,1.0,9.328789019491524e-05,0.19441069662570953,0.7888438701629639,0.0,0.0,0.0,0.0,0.19441069662570953,0.19441069662570953,0.19441069662570953,0.19441069662570953,0.1388888955116272,0.08104563504457474,0.1482602208852768,0.10033006751909852,2.94883394241333,50,nan,-1.0,True,,False,0.07414518296718597,0.0,0.6782606244087219,15.0,15.0,1.0,0.0,0.0,0.0,0.0,0.0
52,2.9487690925598145,0.7468979358673096,0.0,0.12687525153160095,2.847413725248771e-06,2.847413725248771e-06,28474.13671875,0.19259019196033478,0.19259019196033478,0.07052664458751678,0.07052664458751678,0.19259019196033478,0.07052664458751678,0.19259019196033478,0.07052664458751678,0.3074098229408264,0.429473340511322,0.02,1.0,9.345215948997065e-05,0.1945735365152359,0.789368212223053,0.0,0.0,0.0,0.0,0.1945735365152359,0.1945735365152359,0.1945735365152359,0.1945735365152359,0.13896618783473969,0.08104021847248077,0.14831745624542236,0.10032984530553221,2.94883394241333,50,nan,-1.0,True,,False,0.07417084276676178,0.0,0.6784953474998474,15.0,15.0,1.0,0.0,0.0,0.0,0.0,0.0
53,2.947319269180298,0.7462776899337769,0.0,0.12686951458454132,2.838035243257764e-06,2.838035243257764e-06,28380.3515625,0.19276398420333862,0.19276398420333862,0.07063895463943481,0.07063895463943481,0.19276398420333862,0.07063895463943481,0.19276398420333862,0.07063895463943481,0.3072360157966614,0.4293610453605652,0.02,1.0,9.362457785755396e-05,0.1947486400604248,0.789850652217865,0.0,0.0,0.0,0.0,0.1947486400604248,0.1947486400604248,0.1947486400604248,0.1947486400604248,0.13904888927936554,0.08103326708078384,0.1483803540468216,0.10032913736067713,2.947319269180298,53,nan,-1.0,True,,False,0.07419833540916443,0.0,0.6787468194961548,15.0,15.0,1.0,0.0,0.0,0.0,0.0,0.0
54,2.9482855796813965,0.7458746433258057,0.0,0.1268603652715683,2.8347087663860293e-06,2.8347087663860293e-06,28347.087890625,0.1928771436214447,0.1928771436214447,0.07071171700954437,0.07071171700954437,0.1928771436214447,0.07071171700954437,0.1928771436214447,0.07071171700954437,0.3071228563785553,0.42928826808929443,0.02,1.0,9.374124056193978e-05,0.194862499833107,0.7901973724365234,0.0,0.0,0.0,0.0,0.194862499833107,0.194862499833107,0.194862499833107,0.194862499833107,0.1391027718782425,0.08102508634328842,0.14844828844070435,0.10021083955653012,2.947319269180298,53,nan,-1.0,True,,False,0.07421573996543884,0.0,0.6789060235023499,15.0,15.0,1.0,0.0,0.0,0.0,0.0,0.0
55,2.94850492477417,0.7453856468200684,0.0,0.12685219943523407,2.8296390155446716e-06,2.8296390155446716e-06,28296.390625,0.19301456212997437,0.19301456212997437,0.07079990953207016,0.07079990953207016,0.19301456212997437,0.07079990953207016,0.19301456212997437,0.07079990953207016,0.30698543787002563,0.42920008301734924,0.02,1.0,9.387928002979606e-05,0.19500084221363068,0.7905330061912537,0.0,0.0,0.0,0.0,0.19500084221363068,0.19500084221363068,0.19500084221363068,0.19500084221363068,0.13916662335395813,0.08101724088191986,0.1485203355550766,0.10020950236357748,2.947319269180298,53,nan,-1.0,True,,False,0.0742371454834938,0.0,0.679101824760437,15.0,15.0,1.0,0.0,0.0,0.0,0.0,0.0
56,2.9484519958496094,0.7448354959487915,0.0,0.12684239447116852,2.8241679501661565e-06,2.8241679501661565e-06,28241.6796875,0.19316889345645905,0.19316889345645905,0.07089966535568237,0.07089966535568237,0.19316889345645905,0.07089966535568237,0.19316889345645905,0.07089966535568237,0.30683112144470215,0.4291003346443176,0.02,1.0,9.402388241142035e-05,0.19515633583068848,0.7908483147621155,0.0,0.0,0.0,0.0,0.19515633583068848,0.19515633583068848,0.19515633583068848,0.19515633583068848,0.13923953473567963,0.08100953698158264,0.14859606325626373,0.1002085670363158,2.947319269180298,53,nan,-1.0,True,,False,0.07426131516695023,0.0,0.6793229579925537,15.0,15.0,1.0,0.0,0.0,0.0,0.0,0.0
57,2.9480538368225098,0.7442370653152466,0.0,0.12683284282684326,2.817936319843284e-06,2.817936319843284e-06,28179.36328125,0.19333702325820923,0.19333702325820923,0.07100796699523926,0.07100796699523926,0.19333702325820923,0.07100796699523926,0.19333702325820923,0.07100796699523926,0.30666297674179077,0.42899203300476074,0.02,1.0,9.418244007974863e-05,0.19532567262649536,0.7911415100097656,0.0,0.0,0.0,0.0,0.19532567262649536,0.19532567262649536,0.19532567262649536,0.19532567262649536,0.1393171101808548,0.081001877784729,0.1486748307943344,0.10020737326703966,2.947319269180298,53,nan,-1.0,True,,False,0.07428761571645737,0.0,0.6795635223388672,15.0,15.0,1.0,0.0,0.0,0.0,0.0,0.0
58,2.9482460021972656,0.7436057925224304,0.0,0.1268225908279419,2.813861783579341e-06,2.813861783579341e-06,28138.6171875,0.19351443648338318,0.19351443648338318,0.07112229615449905,0.07112229615449905,0.19351443648338318,0.07112229615449905,0.19351443648338318,0.07112229615449905,0.3064855635166168,0.42887771129608154,0.02,1.0,9.43512495723553e-05,0.19550448656082153,0.7914225459098816,0.0,0.0,0.0,0.0,0.19550450146198273,0.19550450146198273,0.19550450146198273,0.19550450146198273,0.1393977254629135,0.08099426329135895,0.14875614643096924,0.10020680958405137,2.947319269180298,53,nan,-1.0,True,,False,0.07431557029485703,0.0,0.6798192858695984,15.0,15.0,1.0,0.0,0.0,0.0,0.0,0.0
59,2.9474422931671143,0.7429424524307251,0.0,0.12681159377098083,2.8067856874258723e-06,2.8067856874258723e-06,28067.857421875,0.1937008798122406,0.1937008798122406,0.07124259322881699,0.07124259322881699,0.1937008798122406,0.07124259322881699,0.1937008798122406,0.07124259322881699,0.3062991201877594,0.4287573993206024,0.02,1.0,9.452695667278022e-05,0.19569240510463715,0.7916774749755859,0.0,0.0,0.0,0.0,0.19569240510463715,0.19569240510463715,0.19569240510463715,0.19569240510463715,0.13948215544223785,0.08098669350147247,0.14883948862552643,0.1002055089455098,2.947319269180298,53,nan,-1.0,True,,False,0.07434482872486115,0.0,0.6800869107246399,15.0,15.0,1.0,0.0,0.0,0.0,0.0,0.0
60,2.9453320503234863,0.742255687713623,0.0,0.12680134177207947,2.7956077701674076e-06,2.7956077701674076e-06,27956.078125,0.19389395415782928,0.19389395415782928,0.07136727124452591,0.07136727124452591,0.19389395415782928,0.07136727124452591,0.19389395415782928,0.07136727124452591,0.3061060309410095,0.4286327362060547,0.02,1.0,9.470983786741272e-05,0.1958869844675064,0.7919176816940308,0.0,0.0,0.0,0.0,0.1958869844675064,0.1958869844675064,0.1958869844675064,0.1958869844675064,0.13956832885742188,0.08097916096448898,0.14892469346523285,0.10020388159900903,2.9453320503234863,60,nan,-1.0,True,,False,0.07437514513731003,0.0,0.6803642511367798,15.0,15.0,1.0,0.0,0.0,0.0,0.0,0.0
61,2.9461512565612793,0.741600751876831,0.0,0.12678909301757812,2.7935993784922175e-06,2.7935993784922175e-06,27935.994140625,0.19407816231250763,0.19407816231250763,0.07148630917072296,0.07148630917072296,0.19407816231250763,0.07148630917072296,0.19407816231250763,0.07148630917072296,0.30592185258865356,0.42851370573043823,0.02,1.0,9.488603245699778e-05,0.19607272744178772,0.7921223640441895,0.0,0.0,0.0,0.0,0.19607272744178772,0.19607272744178772,0.19607272744178772,0.19607272744178772,0.13965098559856415,0.08097167313098907,0.14901123940944672,0.10032068002037704,2.9453320503234863,60,nan,-1.0,True,,False,0.07440409809350967,0.0,0.6806290745735168,15.0,15.0,1.0,0.0,0.0,0.0,0.0,0.0
62,2.945378065109253,0.7410238981246948,0.0,0.12677592039108276,2.7857747681991896e-06,2.7857747681991896e-06,27857.748046875,0.19424065947532654,0.19424065947532654,0.0715908482670784,0.0715908482670784,0.19424065947532654,0.0715908482670784,0.19424065947532654,0.0715908482670784,0.30575934052467346,0.4284091591835022,0.02,1.0,9.50484027271159e-05,0.1962365061044693,0.7922772765159607,0.0,0.0,0.0,0.0,0.1962365061044693,0.1962365061044693,0.1962365061044693,0.1962365061044693,0.13972443342208862,0.08096317946910858,0.14909867942333221,0.10031851795502007,2.9453320503234863,60,nan,-1.0,True,,False,0.07442937791347504,0.0,0.6808603405952454,15.0,15.0,1.0,0.0,0.0,0.0,0.0,0.0
63,2.9459266662597656,0.7404031157493591,0.0,0.12676414847373962,2.7825356028188253e-06,2.7825356028188253e-06,27825.35546875,0.19441550970077515,0.19441550970077515,0.07170360535383224,0.07170360535383224,0.19441550970077515,0.07170360535383224,0.19441550970077515,0.07170360535383224,0.30558449029922485,0.42829638719558716,0.02,1.0,9.521250467514619e-05,0.196412593126297,0.7924290299415588,0.0,0.0,0.0,0.0,0.196412593126297,0.196412593126297,0.196412593126297,0.196412593126297,0.13980409502983093,0.08095385134220123,0.14918673038482666,0.10031621186062693,2.9453320503234863,60,nan,-1.0,True,,False,0.07445640116930008,0.0,0.6811075210571289,15.0,15.0,1.0,0.0,0.0,0.0,0.0,0.0
64,2.944528102874756,0.739753007888794,0.0,0.12675227224826813,2.773227151919855e-06,2.773227151919855e-06,27732.271484375,0.1945987492799759,0.1945987492799759,0.07182173430919647,0.07182173430919647,0.1945987492799759,0.07182173430919647,0.1945987492799759,0.07182173430919647,0.3054012656211853,0.42817825078964233,0.02,1.0,9.537243749946356e-05,0.19659721851348877,0.7925752997398376,0.0,0.0,0.0,0.0,0.19659721851348877,0.19659721851348877,0.19659721851348877,0.19659721851348877,0.13988955318927765,0.08094383031129837,0.14927473664283752,0.10031289779581129,2.944528102874756,64,nan,-1.0,True,,False,0.07448489218950272,0.0,0.6813681721687317,15.0,15.0,1.0,0.0,0.0,0.0,0.0,0.0
65,2.945448398590088,0.7390697598457336,0.0,0.12673920392990112,2.771617573671392e-06,2.771617573671392e-06,27716.17578125,0.19479133188724518,0.19479133188724518,0.07194602489471436,0.07194602489471436,0.19479133188724518,0.07194602489471436,0.19479133188724518,0.07194602489471436,0.305208683013916,0.42805397510528564,0.02,1.0,9.552743722451851e-05,0.19679124653339386,0.7927119135856628,0.0,0.0,0.0,0.0,0.19679124653339386,0.19679124653339386,0.19679124653339386,0.19679124653339386,0.13997775316238403,0.08093325793743134,0.1493627429008484,0.10030938657000661,2.944528102874756,64,nan,-1.0,True,,False,0.07451459020376205,0.0,0.6816398501396179,15.0,15.0,1.0,0.0,0.0,0.0,0.0,0.0
66,2.987499475479126,0.7464736700057983,0.0,0.1267266571521759,2.8359277166600805e-06,2.8359277166600805e-06,28359.27734375,0.1926613301038742,0.1926613301038742,0.07067175954580307,0.07067175954580307,0.1926613301038742,0.07067175954580307,0.1926613301038742,0.07067175954580307,0.3073386549949646,0.42932823300361633,0.02,1.0,9.617896284908056e-05,0.19467629492282867,0.8559439182281494,0.0,0.0,0.0,0.0,0.19467629492282867,0.19467629492282867,0.19467629492282867,0.19467629492282867,0.13911935687065125,0.08092225342988968,0.14945010840892792,0.100193234346807,2.944528102874756,64,nan,-1.0,True,,False,0.07454424351453781,0.0,0.6819111108779907,15.0,15.0,1.0,0.0,0.0,0.0,0.0,0.0
67,2.9855427742004395,0.7458516359329224,0.0,0.12671315670013428,2.82562928077823e-06,2.82562928077823e-06,28256.29296875,0.19283634424209595,0.19283634424209595,0.07078353315591812,0.07078353315591812,0.19283634424209595,0.07078353315591812,0.19283634424209595,0.07078353315591812,0.30716365575790405,0.4292164742946625,0.02,1.0,9.632655564928427e-05,0.19485259056091309,0.856334388256073,0.0,0.0,0.0,0.0,0.19485259056091309,0.19485259056091309,0.19485259056091309,0.19485259056091309,0.13919448852539062,0.08091197162866592,0.14953666925430298,0.100190410297364,2.944528102874756,64,nan,-1.0,True,,False,0.07457137852907181,0.0,0.6821593046188354,15.0,15.0,1.0,0.0,0.0,0.0,0.0,0.0
68,2.943432569503784,0.7371144890785217,0.0,0.1267015039920807,2.7528874397830805e-06,2.7528874397830805e-06,27528.875,0.19534307718276978,0.19534307718276978,0.07230200618505478,0.07230200618505478,0.19534307718276978,0.07230200618505478,0.19534307718276978,0.07230200618505478,0.3046569228172302,0.4276979863643646,0.02,1.0,9.60034885792993e-05,0.19734707474708557,0.7930232882499695,0.0,0.0,0.0,0.0,0.19734707474708557,0.19734707474708557,0.19734707474708557,0.19734707474708557,0.14023400843143463,0.08090237528085709,0.14962173998355865,0.10018706815317273,2.943432569503784,68,nan,-1.0,True,,False,0.07459978014230728,0.0,0.6824191212654114,15.0,15.0,1.0,0.0,0.0,0.0,0.0,0.0
69,2.9413065910339355,0.7364413142204285,0.0,0.12668950855731964,2.7412370400270447e-06,2.7412370400270447e-06,27412.37109375,0.19553308188915253,0.19553308188915253,0.07242488116025925,0.07242488116025925,0.19553308188915253,0.07242488116025925,0.19553308188915253,0.07242488116025925,0.3044669032096863,0.42757511138916016,0.02,1.0,9.617328032618389e-05,0.19753846526145935,0.7931143045425415,0.0,0.0,0.0,0.0,0.19753846526145935,0.19753846526145935,0.19753846526145935,0.19753846526145935,0.1403222680091858,0.08089345693588257,0.14970533549785614,0.10018710009753704,2.9413065910339355,69,nan,-1.0,True,,False,0.0746292769908905,0.0,0.6826889514923096,15.0,15.0,1.0,0.0,0.0,0.0,0.0,0.0
70,2.985745429992676,0.7439123392105103,0.0,0.12667834758758545,2.81194525086903e-06,2.81194525086903e-06,28119.451171875,0.19338177144527435,0.19338177144527435,0.07113318890333176,0.07113318890333176,0.19338177144527435,0.07113318890333176,0.19338177144527435,0.07113318890333176,0.30661821365356445,0.42886680364608765,0.02,1.0,9.679357754066586e-05,0.1954021453857422,0.8573847413063049,0.0,0.0,0.0,0.0,0.1954021453857422,0.1954021453857422,0.1954021453857422,0.1954021453857422,0.1394289880990982,0.08088520914316177,0.14978711307048798,0.10030917599797248,2.9413065910339355,69,nan,-1.0,True,,False,0.07465644180774689,0.0,0.6829374432563782,15.0,15.0,1.0,0.0,0.0,0.0,0.0,0.0
71,2.984658718109131,0.7432767152786255,0.0,0.12666738033294678,2.8043828024237882e-06,2.8043828024237882e-06,28043.828125,0.19356080889701843,0.19356080889701843,0.07124786823987961,0.07124786823987961,0.19356080889701843,0.07124786823987961,0.19356080889701843,0.07124786823987961,0.30643919110298157,0.4287521243095398,0.02,1.0,9.695736662251875e-05,0.19558249413967133,0.8577988743782043,0.0,0.0,0.0,0.0,0.19558249413967133,0.19558249413967133,0.19558249413967133,0.19558249413967133,0.13950467109680176,0.08087649941444397,0.14986678957939148,0.10031070820987224,2.9413065910339355,69,nan,-1.0,True,,False,0.07468418031930923,0.0,0.683191180229187,15.0,15.0,1.0,0.0,0.0,0.0,0.0,0.0
72,2.983644962310791,0.7426140904426575,0.0,0.12665611505508423,2.797218257910572e-06,2.797218257910572e-06,27972.181640625,0.19374732673168182,0.19374732673168182,0.07136768102645874,0.07136768102645874,0.19374732673168182,0.07136768102645874,0.19374732673168182,0.07136768102645874,0.306252658367157,0.42863231897354126,0.02,1.0,9.710771701065823e-05,0.1957705020904541,0.8582876324653625,0.0,0.0,0.0,0.0,0.1957705020904541,0.1957705020904541,0.1957705020904541,0.1957705020904541,0.13958469033241272,0.08086742460727692,0.14994429051876068,0.1003148534335196,2.9413065910339355,69,nan,-1.0,True,,False,0.07471316307783127,0.0,0.6834563612937927,15.0,15.0,1.0,0.0,0.0,0.0,0.0,0.0
73,2.9831788539886475,0.7419232130050659,0.0,0.12664563953876495,2.7919745662075e-06,2.7919745662075e-06,27919.74609375,0.19394201040267944,0.19394201040267944,0.07149255275726318,0.07149255275726318,0.19394201040267944,0.07149255275726318,0.19394201040267944,0.07149255275726318,0.30605798959732056,0.4285074472427368,0.02,1.0,9.728075383463874e-05,0.1959667205810547,0.8591692447662354,0.0,0.0,0.0,0.0,0.1959667205810547,0.1959667205810547,0.1959667205810547,0.1959667205810547,0.13966800272464752,0.0808580294251442,0.15001948177814484,0.10033316030167043,2.9413065910339355,69,nan,-1.0,True,,False,0.07474320381879807,0.0,0.6837311387062073,15.0,15.0,1.0,0.0,0.0,0.0,0.0,0.0
74,2.9826014041900635,0.7413220405578613,0.0,0.1266361027956009,2.7855930966325104e-06,2.7855930966325104e-06,27855.931640625,0.19411157071590424,0.19411157071590424,0.07160114496946335,0.07160114496946335,0.19411157071590424,0.07160114496946335,0.19411157071590424,0.07160114496946335,0.30588841438293457,0.42839884757995605,0.02,1.0,9.74116483121179e-05,0.1961374282836914,0.8590724468231201,0.0,0.0,0.0,0.0,0.1961374282836914,0.1961374282836914,0.1961374282836914,0.1961374282836914,0.13974043726921082,0.08084828406572342,0.15009209513664246,0.10020760046318174,2.9413065910339355,69,nan,-1.0,True,,False,0.07476946711540222,0.0,0.6839714050292969,15.0,15.0,1.0,0.0,0.0,0.0,0.0,0.0
75,2.983705759048462,0.7406821250915527,0.0,0.12662681937217712,2.7848409445141442e-06,2.7848409445141442e-06,27848.41015625,0.19429178535938263,0.19429178535938263,0.07171734422445297,0.07171734422445297,0.19429178535938263,0.07171734422445297,0.19429178535938263,0.07171734422445297,0.30570822954177856,0.42828264832496643,0.02,1.0,9.757676161825657e-05,0.1963193416595459,0.8608772158622742,0.0,0.0,0.0,0.0,0.1963193416595459,0.1963193416595459,0.1963193416595459,0.1963193416595459,0.1398184895515442,0.0808393731713295,0.1501624435186386,0.10031181601807475,2.9413065910339355,69,nan,-1.0,True,,False,0.07479674369096756,0.0,0.6842209100723267,15.0,15.0,1.0,0.0,0.0,0.0,0.0,0.0
76,2.939544200897217,0.7319393754005432,0.0,0.12661656737327576,2.70619739239919e-06,2.70619739239919e-06,27061.974609375,0.1968061625957489,0.1968061625957489,0.07324866950511932,0.07324866950511932,0.1968061625957489,0.07324866950511932,0.1968061625957489,0.07324866950511932,0.3031938374042511,0.4267513155937195,0.02,1.0,9.72776033449918e-05,0.1988210827112198,0.7934816479682922,0.0,0.0,0.0,0.0,0.1988210827112198,0.1988210827112198,0.1988210827112198,0.1988210827112198,0.14091289043426514,0.08083194494247437,0.15022853016853333,0.10019025546498597,2.939544200897217,76,nan,-1.0,True,,False,0.07482516020536423,0.0,0.6844808459281921,15.0,15.0,1.0,0.0,0.0,0.0,0.0,0.0
77,2.9406378269195557,0.7312709093093872,0.0,0.12660439312458038,2.7044591206504265e-06,2.7044591206504265e-06,27044.58984375,0.1969953328371048,0.1969953328371048,0.07337158173322678,0.07337158173322678,0.1969953328371048,0.07337158173322678,0.1969953328371048,0.07337158173322678,0.3030046820640564,0.4266284108161926,0.02,1.0,9.744703856995329e-05,0.19901177287101746,0.7935278415679932,0.0,0.0,0.0,0.0,0.19901177287101746,0.19901177287101746,0.19901177287101746,0.19901177287101746,0.14100240170955658,0.08082546293735504,0.15029272437095642,0.1001904975157231,2.939544200897217,76,nan,-1.0,True,,False,0.0748545452952385,0.0,0.6847496628761292,15.0,15.0,1.0,0.0,0.0,0.0,0.0,0.0
78,2.9386954307556152,0.7305799126625061,0.0,0.1265941709280014,2.6932527816825313e-06,2.6932527816825313e-06,26932.52734375,0.1971908062696457,0.1971908062696457,0.07349893450737,0.07349893450737,0.1971908062696457,0.07349893450737,0.1971908062696457,0.07349893450737,0.3028091788291931,0.42650106549263,0.02,1.0,9.761510591488332e-05,0.19920875132083893,0.7935739755630493,0.0,0.0,0.0,0.0,0.19920875132083893,0.19920875132083893,0.19920875132083893,0.19920875132083893,0.14109347760677338,0.08081985265016556,0.150355264544487,0.10019031786359847,2.9386954307556152,78,nan,-1.0,True,,False,0.07488474994897842,0.0,0.6850259900093079,15.0,15.0,1.0,0.0,0.0,0.0,0.0,0.0
79,2.9371981620788574,0.7299676537513733,0.0,0.1265825629234314,2.6827585770661244e-06,2.6827585770661244e-06,26827.5859375,0.1973641812801361,0.1973641812801361,0.07361175119876862,0.07361175119876862,0.1973641812801361,0.07361175119876862,0.1973641812801361,0.07361175119876862,0.3026358187198639,0.4263882637023926,0.02,1.0,9.777495870366693e-05,0.1993834525346756,0.7935913801193237,0.0,0.0,0.0,0.0,0.1993834525346756,0.1993834525346756,0.1993834525346756,0.1993834525346756,0.14117369055747986,0.08081500977277756,0.1504160761833191,0.10030840341933071,2.9371981620788574,79,nan,-1.0,True,,False,0.07491147518157959,0.0,0.6852704286575317,15.0,15.0,1.0,0.0,0.0,0.0,0.0,0.0
80,2.9389162063598633,0.7293477058410645,0.0,0.12657128274440765,2.6824436645256355e-06,2.6824436645256355e-06,26824.435546875,0.19753976166248322,0.19753976166248322,0.07372613251209259,0.07372613251209259,0.19753976166248322,0.07372613251209259,0.19753976166248322,0.07372613251209259,0.302460253238678,0.4262738823890686,0.02,1.0,9.792369382921606e-05,0.19956044852733612,0.7936149835586548,0.0,0.0,0.0,0.0,0.19956044852733612,0.19956044852733612,0.19956044852733612,0.19956044852733612,0.14125581085681915,0.08080989867448807,0.15047533810138702,0.10030919476412237,2.9371981620788574,79,nan,-1.0,True,,False,0.07493847608566284,0.0,0.685517430305481,15.0,15.0,1.0,0.0,0.0,0.0,0.0,0.0
81,2.9393348693847656,0.7290261387825012,0.0,0.12656521797180176,2.6755762974062236e-06,2.6755762974062236e-06,26755.76171875,0.19763091206550598,0.19763091206550598,0.07378534227609634,0.07378534227609634,0.19763091206550598,0.07378534227609634,0.19763091206550598,0.07378534227609634,0.302369087934494,0.42621466517448425,0.02,1.0,9.800992120290175e-05,0.1996523141860962,0.7936255931854248,0.0,0.0,0.0,0.0,0.1996523141860962,0.1996523141860962,0.1996523141860962,0.1996523141860962,0.14129909873008728,0.08080721646547318,0.1505042165517807,0.10030962778255344,2.9371981620788574,79,nan,-1.0,True,,False,0.07495260238647461,0.0,0.685646653175354,15.0,15.0,1.0,0.0,0.0,0.0,0.0,0.0
82,2.943408727645874,0.7286880016326904,0.0,0.1265590786933899,2.6803597847901983e-06,2.6803597847901983e-06,26803.59765625,0.19772668182849884,0.19772668182849884,0.07384783029556274,0.07384783029556274,0.19772668182849884,0.07384783029556274,0.19772668182849884,0.07384783029556274,0.30227333307266235,0.42615216970443726,0.02,1.0,9.80822806013748e-05,0.19974884390830994,0.7936437129974365,0.0,0.0,0.0,0.0,0.19974884390830994,0.19974884390830994,0.19974884390830994,0.19974884390830994,0.1413441002368927,0.08080441504716873,0.15053245425224304,0.10030992641113698,2.9371981620788574,79,nan,-1.0,True,,False,0.07496728003025055,0.0,0.685780942440033,15.0,15.0,1.0,0.0,0.0,0.0,0.0,0.0
83,2.946220636367798,0.7283449769020081,0.0,0.12655304372310638,2.6812597297976026e-06,2.6812597297976026e-06,26812.59765625,0.1978239268064499,0.1978239268064499,0.07391110062599182,0.07391110062599182,0.1978239268064499,0.07391110062599182,0.1978239268064499,0.07391110062599182,0.3021760582923889,0.4260888993740082,0.02,1.0,9.816331294132397e-05,0.19984684884548187,0.7936697006225586,0.0,0.0,0.0,0.0,0.19984684884548187,0.19984684884548187,0.19984684884548187,0.19984684884548187,0.14139039814472198,0.08080152422189713,0.15055984258651733,0.10031072427518666,2.9371981620788574,79,nan,-1.0,True,,False,0.07498244941234589,0.0,0.6859197020530701,15.0,15.0,1.0,0.0,0.0,0.0,0.0,0.0
84,2.945924758911133,0.7279878258705139,0.0,0.12654712796211243,2.6725290354079334e-06,2.6725290354079334e-06,26725.2890625,0.1979251205921173,0.1979251205921173,0.07397715747356415,0.07397715747356415,0.1979251205921173,0.07397715747356415,0.1979251205921173,0.07397715747356415,0.3020748794078827,0.42602282762527466,0.02,1.0,9.824001608649269e-05,0.19994878768920898,0.7936950922012329,0.0,0.0,0.0,0.0,0.19994878768920898,0.19994878768920898,0.19994878768920898,0.19994878768920898,0.1414390653371811,0.08079856634140015,0.15058667957782745,0.10031048590317368,2.9371981620788574,79,nan,-1.0,True,,False,0.07499800622463226,0.0,0.6860619783401489,15.0,15.0,1.0,0.0,0.0,0.0,0.0,0.0
85,2.946650981903076,0.7276833057403564,0.0,0.1265401393175125,2.666559112185496e-06,2.666559112185496e-06,26665.58984375,0.1980113834142685,0.1980113834142685,0.07403355836868286,0.07403355836868286,0.1980113834142685,0.07403355836868286,0.1980113834142685,0.07403355836868286,0.3019886016845703,0.42596644163131714,0.02,1.0,9.830175986280665e-05,0.20003566145896912,0.7936989068984985,0.0,0.0,0.0,0.0,0.20003566145896912,0.20003566145896912,0.20003566145896912,0.20003566145896912,0.14148004353046417,0.08079554885625839,0.1506129950284958,0.10019391281530261,2.9371981620788574,79,nan,-1.0,True,,False,0.07501106709241867,0.0,0.6861814856529236,15.0,15.0,1.0,0.0,0.0,0.0,0.0,0.0
86,2.9491803646087646,0.7273876667022705,0.0,0.12653394043445587,2.666162117748172e-06,2.666162117748172e-06,26661.62109375,0.19809527695178986,0.19809527695178986,0.07408816367387772,0.07408816367387772,0.19809527695178986,0.07408816367387772,0.19809527695178986,0.07408816367387772,0.30190473794937134,0.4259118437767029,0.02,1.0,9.836833487497643e-05,0.2001202553510666,0.7936979532241821,0.0,0.0,0.0,0.0,0.2001202553510666,0.2001202553510666,0.2001202553510666,0.2001202553510666,0.14152057468891144,0.08079297095537186,0.15063877403736115,0.10019430969841778,2.9371981620788574,79,nan,-1.0,True,,False,0.07502404600381851,0.0,0.6863002181053162,15.0,15.0,1.0,0.0,0.0,0.0,0.0,0.0
87,2.9503540992736816,0.7270750999450684,0.0,0.12652736902236938,2.6616844479576685e-06,2.6616844479576685e-06,26616.84375,0.19818392395973206,0.19818392395973206,0.07414594292640686,0.07414594292640686,0.19818392395973206,0.07414594292640686,0.19818392395973206,0.07414594292640686,0.30181607604026794,0.42585405707359314,0.02,1.0,9.843111911322922e-05,0.20020954310894012,0.7937100529670715,0.0,0.0,0.0,0.0,0.20020954310894012,0.20020954310894012,0.20020954310894012,0.20020954310894012,0.14156115055084229,0.08079082518815994,0.1506640464067459,0.10019342456944287,2.9371981620788574,79,nan,-1.0,True,,False,0.07503760606050491,0.0,0.6864242553710938,15.0,15.0,1.0,0.0,0.0,0.0,0.0,0.0
88,2.95216703414917,0.7267532348632812,0.0,0.12652091681957245,2.6592799713398563e-06,2.6592799713398563e-06,26592.798828125,0.19827516376972198,0.19827516376972198,0.07420561462640762,0.07420561462640762,0.19827516376972198,0.07420561462640762,0.19827516376972198,0.07420561462640762,0.3017248511314392,0.425794392824173,0.02,1.0,9.851112554315478e-05,0.20030151307582855,0.7937204837799072,0.0,0.0,0.0,0.0,0.20030151307582855,0.20030151307582855,0.20030151307582855,0.20030151307582855,0.14160476624965668,0.08078905194997787,0.1506887972354889,0.10019386080093681,2.9371981620788574,79,nan,-1.0,True,,False,0.0750517025589943,0.0,0.6865531802177429,15.0,15.0,1.0,0.0,0.0,0.0,0.0,0.0
89,2.9544663429260254,0.7264209985733032,0.0,0.1265152096748352,2.658486664586235e-06,2.658486664586235e-06,26584.8671875,0.19836930930614471,0.19836930930614471,0.07426725327968597,0.07426725327968597,0.19836930930614471,0.07426725327968597,0.19836930930614471,0.07426725327968597,0.3016306757926941,0.42573273181915283,0.02,1.0,9.859561396297067e-05,0.20039643347263336,0.7937391996383667,0.0,0.0,0.0,0.0,0.20039643347263336,0.20039643347263336,0.20039643347263336,0.20039643347263336,0.14164964854717255,0.08078759908676147,0.1507130116224289,0.10019426750950515,2.9371981620788574,79,nan,-1.0,True,,False,0.0750662311911583,0.0,0.686686098575592,15.0,15.0,1.0,0.0,0.0,0.0,0.0,0.0
90,2.956450939178467,0.7260830402374268,0.0,0.12650923430919647,2.656781134646735e-06,2.656781134646735e-06,26567.810546875,0.19846509397029877,0.19846509397029877,0.07433000206947327,0.07433000206947327,0.19846509397029877,0.07433000206947327,0.19846509397029877,0.07433000206947327,0.30153489112854004,0.42566999793052673,0.02,1.0,9.867593325907364e-05,0.2004929929971695,0.7937647700309753,0.0,0.0,0.0,0.0,0.2004929929971695,0.2004929929971695,0.2004929929971695,0.2004929929971695,0.14169491827487946,0.08078645169734955,0.15073683857917786,0.10019468390382827,2.9371981620788574,79,nan,-1.0,True,,False,0.07508116215467453,0.0,0.6868227124214172,15.0,15.0,1.0,0.0,0.0,0.0,0.0,0.0
91,2.9570422172546387,0.7257378697395325,0.0,0.1265028715133667,2.6508116661716485e-06,2.6508116661716485e-06,26508.1171875,0.19856299459934235,0.19856299459934235,0.0743940994143486,0.0743940994143486,0.19856299459934235,0.0743940994143486,0.19856299459934235,0.0743940994143486,0.30143702030181885,0.4256058931350708,0.02,1.0,9.876713738776743e-05,0.20059174299240112,0.7937864065170288,0.0,0.0,0.0,0.0,0.20059174299240112,0.20059174299240112,0.20059174299240112,0.20059174299240112,0.14174151420593262,0.08078557252883911,0.15076027810573578,0.10019516320899129,2.9371981620788574,79,nan,-1.0,True,,False,0.07509644329547882,0.0,0.6869624853134155,15.0,15.0,1.0,0.0,0.0,0.0,0.0,0.0
92,2.9596004486083984,0.725454568862915,0.0,0.1264955699443817,2.6504546895012027e-06,2.6504546895012027e-06,26504.546875,0.19864334166049957,0.19864334166049957,0.07444670051336288,0.07444670051336288,0.19864334166049957,0.07444670051336288,0.19864334166049957,0.07444670051336288,0.3013566732406616,0.4255532920360565,0.02,1.0,9.884139581117779e-05,0.2006727159023285,0.7937852144241333,0.0,0.0,0.0,0.0,0.2006727159023285,0.2006727159023285,0.2006727159023285,0.2006727159023285,0.1417788565158844,0.08078493922948837,0.15078331530094147,0.10031199706718326,2.9371981620788574,79,nan,-1.0,True,,False,0.07510881870985031,0.0,0.687075674533844,15.0,15.0,1.0,0.0,0.0,0.0,0.0,0.0
93,2.960869073867798,0.7251592874526978,0.0,0.12648946046829224,2.64621098722273e-06,2.64621098722273e-06,26462.109375,0.19872719049453735,0.19872719049453735,0.07450146973133087,0.07450146973133087,0.19872719049453735,0.07450146973133087,0.19872719049453735,0.07450146973133087,0.30127280950546265,0.4254985451698303,0.02,1.0,9.891323861666024e-05,0.20075726509094238,0.7937921285629272,0.0,0.0,0.0,0.0,0.20075726509094238,0.20075726509094238,0.20075726509094238,0.20075726509094238,0.14181864261627197,0.08078402280807495,0.15080595016479492,0.1003121399320662,2.9371981620788574,79,nan,-1.0,True,,False,0.07512176781892776,0.0,0.6871941685676575,15.0,15.0,1.0,0.0,0.0,0.0,0.0,0.0
94,2.962747573852539,0.7248475551605225,0.0,0.1264827698469162,2.6439959128765622e-06,2.6439959128765622e-06,26439.958984375,0.19881553947925568,0.19881553947925568,0.07455954700708389,0.07455954700708389,0.19881553947925568,0.07455954700708389,0.19881553947925568,0.07455954700708389,0.3011844754219055,0.4254404604434967,0.02,1.0,9.898324788082391e-05,0.2008463442325592,0.7938081622123718,0.0,0.0,0.0,0.0,0.2008463442325592,0.2008463442325592,0.2008463442325592,0.2008463442325592,0.1418599784374237,0.08078286051750183,0.15082810819149017,0.10031262156553566,2.9371981620788574,79,nan,-1.0,True,,False,0.07513535767793655,0.0,0.6873184442520142,15.0,15.0,1.0,0.0,0.0,0.0,0.0,0.0
95,2.9635276794433594,0.7245242595672607,0.0,0.12647634744644165,2.6384855118521955e-06,2.6384855118521955e-06,26384.85546875,0.19890724122524261,0.19890724122524261,0.07461962848901749,0.07461962848901749,0.19890724122524261,0.07461962848901749,0.19890724122524261,0.07461962848901749,0.3010927438735962,0.4253803789615631,0.02,1.0,9.905965998768806e-05,0.20093879103660583,0.7938218712806702,0.0,0.0,0.0,0.0,0.20093879103660583,0.20093879103660583,0.20093879103660583,0.20093879103660583,0.1419040560722351,0.080781489610672,0.15084998309612274,0.10031323130242527,2.9371981620788574,79,nan,-1.0,True,,False,0.0751495286822319,0.0,0.6874480843544006,15.0,15.0,1.0,0.0,0.0,0.0,0.0,0.0
96,2.9648585319519043,0.7241875529289246,0.0,0.12646916508674622,2.634784095789655e-06,2.634784095789655e-06,26347.83984375,0.19900286197662354,0.19900286197662354,0.07468221336603165,0.07468221336603165,0.19900286197662354,0.07468221336603165,0.19900286197662354,0.07468221336603165,0.30099713802337646,0.42531779408454895,0.02,1.0,9.913959365803748e-05,0.20103512704372406,0.7938497066497803,0.0,0.0,0.0,0.0,0.20103512704372406,0.20103512704372406,0.20103512704372406,0.20103512704372406,0.14194920659065247,0.08077993988990784,0.15087151527404785,0.10031321332789958,2.9371981620788574,79,nan,-1.0,True,,False,0.07516421377658844,0.0,0.6875824332237244,15.0,15.0,1.0,0.0,0.0,0.0,0.0,0.0
97,2.967860698699951,0.723844587802887,0.0,0.1264619678258896,2.6362970402260544e-06,2.6362970402260544e-06,26362.970703125,0.19910019636154175,0.19910019636154175,0.07474607974290848,0.07474607974290848,0.19910019636154175,0.07474607974290848,0.19910019636154175,0.07474607974290848,0.30089980363845825,0.4252539277076721,0.02,1.0,9.921212767949328e-05,0.20113325119018555,0.7938726544380188,0.0,0.0,0.0,0.0,0.20113325119018555,0.20113325119018555,0.20113325119018555,0.20113325119018555,0.1419973522424698,0.08077821880578995,0.1508927345275879,0.10031356983818114,2.9371981620788574,79,nan,-1.0,True,,False,0.0751793384552002,0.0,0.687720775604248,15.0,15.0,1.0,0.0,0.0,0.0,0.0,0.0
98,2.9686167240142822,0.7235310077667236,0.0,0.12645584344863892,2.6306772724637995e-06,2.6306772724637995e-06,26306.771484375,0.19918914139270782,0.19918914139270782,0.07480457425117493,0.07480457425117493,0.19918914139270782,0.07480457425117493,0.19918914139270782,0.07480457425117493,0.30081087350845337,0.4251954257488251,0.02,1.0,9.927316568791866e-05,0.20122286677360535,0.7938887476921082,0.0,0.0,0.0,0.0,0.20122286677360535,0.20122286677360535,0.20122286677360535,0.20122286677360535,0.1420387327671051,0.08077637106180191,0.15091364085674286,0.10019740811549127,2.9371981620788574,79,nan,-1.0,True,,False,0.07519284635782242,0.0,0.6878443360328674,15.0,15.0,1.0,0.0,0.0,0.0,0.0,0.0
99,2.970423698425293,0.7232374548912048,0.0,0.1264479160308838,2.6281375085090986e-06,2.6281375085090986e-06,26281.375,0.19927258789539337,0.19927258789539337,0.07485915720462799,0.07485915720462799,0.19927258789539337,0.07485915720462799,0.19927258789539337,0.07485915720462799,0.3007274270057678,0.4251408576965332,0.02,1.0,9.93431531242095e-05,0.20130695402622223,0.7939000129699707,0.0,0.0,0.0,0.0,0.20130695402622223,0.20130695402622223,0.20130695402622223,0.20130695402622223,0.14207971096038818,0.08077488094568253,0.15093424916267395,0.10019789054058492,2.9371981620788574,79,nan,-1.0,True,,False,0.07520575821399689,0.0,0.6879624724388123,15.0,15.0,1.0,0.0,0.0,0.0,0.0,0.0
